{
	"pattrstorage" : 	{
		"name" : "spell14Mixer",
		"slots" : 		{
			"1" : 			{
				"id" : 1,
				"data" : 				{
					"BassRisset" : [ -3.0 ],
					"DreamingMaster" : [ 0.0 ],
					"DreamingSop" : [ 0.0 ],
					"DreamingVla" : [ 0.0 ],
					"Harmonizer" : [ 0.0 ],
					"MoogSplat" : [ 2.11185972887408 ],
					"MutoBg" : [ 0.666666666666671 ],
					"MutoMaster" : [ 0.0 ],
					"MutoSop" : [ 2.666666666666671 ],
					"MutoTenor" : [ -0.264144816949411 ],
					"MutoWir" : [ -0.739345726114152 ],
					"Sop&FluteSus" : [ 0.0 ],
					"VlaSparkle" : [ -1.12073490813647 ],
					"clusterGliss" : [ -0.325459317585285 ],
					"dreamingBass" : [ -3.0 ],
					"dreamingCl" : [ -9.0 ],
					"dreamingFl" : [ -9.0 ],
					"dreamingTen" : [ 0.0 ],
					"tenorModes" : [ -70.0 ]
				}

			}

		}

	}

}
